Workbook

Sheet Risk Register
A1: Risk ID | B1: Asset | C1: Vulnerability | D1: Threat Source | E1: Likelihood | F1: Impact | G1: Inherent Risk | H1: Inherent Risk Rating | I1: Risk Treatment | J1: Mitigation Plan | K1: Risk Owner | L1: Residual Likelihood | M1: Residual Impact | N1: Residual Risk | O1: Residual Risk Rating | P1: Status
A2: R-001 | B2: Customer Database | C2: Lack of MFA on privileged/admin accounts | D2: Cybercriminal | E2: 2 | F2: 3 | G2: =E2*F2 -> 6 | H2: =VLOOKUP(G2,'Risk Matrix'!$G$2:$H$4,2,TRUE) -> High | I2: Mitigate | J2: Implement MFA for all privileged and administrative accounts | K2: IT Manager | L2: 1 | M2: 3 | N2: =L2*M2 -> 3 | O2: =VLOOKUP(N2,'Risk Matrix'!$G$2:$H$4,2,TRUE) -> Medium | P2: Open
A3: R-002 | B3: Payment Gateway | C3: Outdated API component with known security vulnerabilities | D3: Cybercriminal | E3: 3 | F3: 3 | G3: =E3*F3 -> 9 | H3: =VLOOKUP(G3,'Risk Matrix'!$G$2:$H$4,2,TRUE) -> High | I3: Mitigate | J3: Patch or upgrade the vulnerable API component and perform security testing | K3: Application Engineering Manager | L3: 1 | M3: 3 | N3: =L3*M3 -> 3 | O3: =VLOOKUP(N3,'Risk Matrix'!$G$2:$H$4,2,TRUE) -> Medium | P3: Open
A4: R-003 | B4: Cloud Storage | C4: Misconfigured access permissions exposing storage publicly | D4: Unauthorized External User | E4: 2 | F4: 3 | G4: =E4*F4 -> 6 | H4: =VLOOKUP(G4,'Risk Matrix'!$G$2:$H$4,2,TRUE) -> High | I4: Mitigate | J4: Correct cloud storage access permissions and restrict public access | K4: Cloud Infrastructure Manager | L4: 1 | M4: 3 | N4: =L4*M4 -> 3 | O4: =VLOOKUP(N4,'Risk Matrix'!$G$2:$H$4,2,TRUE) -> Medium | P4: Open
A5: R-004 | B5: Cloud Storage | C5: Misconfigured access permissions exposing storage publicly | D5: Unauthorized External User | E5: 2 | F5: 3 | G5: =E5*F5 -> 6 | H5: =VLOOKUP(G5,'Risk Matrix'!$G$2:$H$4,2,TRUE) -> High | I5: Mitigate | J5: Correct cloud storage access permissions and restrict public access | K5: Cloud Infrastructure Manager | L5: 1 | M5: 3 | N5: =L5*M5 -> 3 | O5: =VLOOKUP(N5,'Risk Matrix'!$G$2:$H$4,2,TRUE) -> Medium | P5: Open
A6: R-005 | B6: Production Server | C6: Backups are accessible from the production environment and are not immutable | D6: Ransomware Actor | E6: 2 | F6: 3 | G6: =E6*F6 -> 6 | H6: =VLOOKUP(G6,'Risk Matrix'!$G$2:$H$4,2,TRUE) -> High | I6: Mitigate | J6: Implement immutable, isolated backups and restrict backup access from the production environment | K6: Application Engineering Manager | L6: 1 | M6: 2 | N6: =L6*M6 -> 2 | O6: =VLOOKUP(N6,'Risk Matrix'!$G$2:$H$4,2,TRUE) -> Low | P6: Open

Sheet Risk Matrix
A1: Impact ↓ / Likelihood → | B1: Low (1) | C1: Medium (2) | D1: High (3) | G1: Minimum Score | H1: Risk Rating
A2: High (3) | B2: =B$5*$E2 -> 3 | C2: =C$5*$E2 -> 6 | D2: =D$5*$E2 -> 9 | E2: 3 | G2: 1 | H2: Low
A3: Medium (2) | B3: =B$5*$E3 -> 2 | C3: =C$5*$E3 -> 4 | D3: =D$5*$E3 -> 6 | E3: 2 | G3: 3 | H3: Medium
A4: Low (1) | B4: =B$5*$E4 -> 1 | C4: =C$5*$E4 -> 2 | D4: =D$5*$E4 -> 3 | E4: 1 | G4: 6 | H4: High
B5: 1 | C5: 2 | D5: 3

Sheet Dashboard
A1: Inherent Risk Rating | B1: Risk Count | I1: Residual Risk Rating | J1: Risk Count
A2: High | B2: 5 | I2: Low | J2: 1
A3: Grand Total | B3: 5 | I3: Medium | J3: 4
I4: Grand Total | J4: 5
A13: Risk Owner | B13: Risk Count
A14: Application Engineering Manager | B14: 2
A15: Cloud Infrastructure Manager | B15: 1
A16: IT Manager | B16: 2
A17: Grand Total | B17: 5
